"","X.3","X.2","X.1","X","hyena_ID","date_sampling","sample_ID.x","clan","sex","birthdate","age_sampling","age_sampling_cat","mucin","IgA","CSocialRank","genetic_mum"
"1",1,1,1,1,"I247","12/15/2009","X9162","I","F","8/27/1996",4858,"sampled_as_adult",88.23171755,44739.81424,-0.54,"I166"
"2",2,2,2,2,"I278","4/13/2011","B2400","I","F","4/11/1998",4750,"sampled_as_adult",85.11337766,261229.5666,-0.85,"I153"
"3",3,3,3,3,"I351","9/28/2010","B897","I","F","8/11/2001",3335,"sampled_as_adult",73.63433191,154851.9515,0.55,"I201"
"4",4,4,4,4,"I365","11/29/2007","X6753","I","F","6/14/2002",1994,"sampled_as_adult",83.52018563,88376.27567,-0.48,"I182"
"5",5,5,5,5,"I365","11/7/2014","B6320","I","F","6/14/2002",4529,"sampled_as_adult",29.89088306,170184.449,-0.6,"I182"
"6",6,6,6,6,"I369","9/26/2007","X6473","I","F","8/21/2002",1862,"sampled_as_adult",36.88792016,60828.58867,-0.24,"I214"
"7",7,7,7,7,"I405","6/8/2015","B6739","I","F","2/16/2005",3764,"sampled_as_adult",13.84058026,677477.8173,-0.76,"I247"
"8",8,8,8,8,"I434","7/27/2016","B7860","I","F","2/21/2006",3809,"sampled_as_adult",71.91142389,237742.1671,-0.17,"I363"
"9",9,9,9,9,"I447","11/30/2009","X8931","I","F","8/20/2006",1198,"sampled_as_adult",28.03930754,160326.7018,-0.6,"I247"
"10",10,10,10,10,"I458","6/5/2009","X8181","I","F","4/1/2007",796,"sampled_as_adult",271.179003,665413.2905,-0.88,"I278"
"11",11,11,11,11,"I459","9/18/2007","X6441","I","F","5/26/2007",115,"sampled_as_juvenile",208.8682098,372822.6645,0.1,"I211"
"12",12,12,12,12,"I459","12/2/2009","X8978","I","F","5/26/2007",921,"sampled_as_adult",83.36352422,87368.08196,-0.43,"I211"
"13",13,13,13,13,"I461","11/20/2007","X6641","I","M","6/7/2007",166,"sampled_as_juvenile",132.4552006,1157061.77,0.7,"I351"
"14",14,14,14,14,"I462","11/20/2007","X6643","I","F","6/7/2007",166,"sampled_as_juvenile",NA,NA,0.7,"I351"
"15",15,15,15,15,"I476","12/10/2016","B8634","I","F","10/7/2007",3352,"sampled_as_adult",29.89387537,81407.8982,1,"I314"
"16",16,16,16,16,"I482","9/1/2008","X7135","I","F","4/12/2008",142,"sampled_as_juvenile",107.0663506,1085954.248,-0.23,"I363"
"17",17,17,17,17,"I484","11/28/2009","X8908","I","F","4/27/2008",580,"sampled_as_juvenile",105.637365,336314.3425,0.14,"I383"
"18",18,18,18,18,"I491","9/22/2008","X7340","I","F","6/9/2008",105,"sampled_as_juvenile",351.794314,4698152.141,-0.75,"I387"
"19",19,19,19,19,"I512","9/24/2009","X8562","I","M","5/2/2009",145,"sampled_as_juvenile",178.8413288,1357078.893,-0.77,"I405"
"20",20,20,20,20,"I513","9/25/2009","X8566","I","M","5/2/2009",146,"sampled_as_juvenile",131.443065,564788.694,-0.77,"I405"
"21",21,21,21,21,"I515","7/22/2009","X8453","I","F","3/17/2009",127,"sampled_as_juvenile",82.75516359,466740.9483,-0.09,"I182"
"22",22,22,22,22,"I538","7/6/2016","B7706","I","F","9/8/2009",2493,"sampled_as_adult",71.58194612,49228.34976,0.35,"I451"
"23",23,23,23,23,"I545","2/23/2010","X9326","I","F","10/28/2009",118,"sampled_as_juvenile",115.9240582,594506.3701,0.14,"I383"
"24",24,24,24,24,"I545","11/11/2015","B7255","I","F","10/28/2009",2205,"sampled_as_adult",43.58092413,302.5768584,0.45,"I383"
"25",25,25,25,25,"I551","7/9/2010","B574","I","M","1/12/2010",178,"sampled_as_juvenile",123.3487386,648637.7282,-0.65,"I387"
"26",26,26,26,26,"I557","10/7/2010","B990","I","M","2/19/2010",230,"sampled_as_juvenile",279.5804765,22407.08216,-0.85,"I278"
"27",27,27,27,27,"I558","9/20/2010","B867","I","F","2/19/2010",213,"sampled_as_juvenile",214.8965112,16811.43005,-0.85,"I278"
"28",28,28,28,28,"I562","7/7/2010","B540","I","F","2/5/2010",152,"sampled_as_juvenile",126.1952691,1128818.311,-0.35,"I335"
"29",29,29,29,29,"I562","9/7/2010","B824","I","F","2/5/2010",214,"sampled_as_juvenile",113.0433927,1449741.212,-0.35,"I335"
"30",30,30,30,30,"I562","12/13/2016","B8661","I","F","2/5/2010",2503,"sampled_as_adult",24.19734371,341381.434,-0.39,"I335"
"31",31,31,31,31,"I565","11/25/2010","B1445","I","F","3/3/2010",267,"sampled_as_juvenile",74.66377833,227502.8213,0.79,"I315"
"32",32,32,32,32,"I565","6/16/2016","B7607","I","F","3/3/2010",2297,"sampled_as_adult",78.43109564,138556.3734,0.4,"I315"
"33",33,33,33,33,"I566","10/7/2010","B981","I","M","4/29/2010",161,"sampled_as_juvenile",293.7286176,236243.4301,0.75,"I400"
"34",34,34,34,34,"I567","8/5/2010","B635","I","F","3/1/2010",157,"sampled_as_juvenile",363.5062781,466942.4378,-0.2,"I434"
"35",35,35,35,35,"I567","11/27/2014","B6240","I","F","3/1/2010",1732,"sampled_as_adult",64.18497779,280619.6035,-0.05,"I434"
"36",36,36,36,36,"I570","12/21/2010","B1733","I","F","4/4/2010",261,"sampled_as_juvenile",318.0383243,32425.93689,-0.79,"I405"
"37",37,37,37,37,"I570","11/7/2014","B6318","I","F","4/4/2010",1678,"sampled_as_adult",13.87130852,52917.5862,-0.91,"I405"
"38",38,38,38,38,"I580","11/17/2010","B1303","I","M","6/30/2010",140,"sampled_as_juvenile",88.95265319,64575.16317,0.44,"I425"
"39",39,39,39,39,"I581","9/13/2010","B841","I","M","6/30/2010",75,"sampled_as_juvenile",193.0556393,1205857.655,0.45,"I425"
"40",40,40,40,40,"I581","10/23/2010","B1079","I","M","6/30/2010",115,"sampled_as_juvenile",99.69527905,41748.24164,0.44,"I425"
"41",41,41,41,41,"I591","1/27/2011","B1830","I","F","10/7/2010",112,"sampled_as_juvenile",185.6776738,3678063.659,0.69,"I314"
"42",42,42,42,42,"I591","12/1/2013","B4621","I","F","10/7/2010",1151,"sampled_as_adult",98.81273758,772.3634033,0.95,"I314"
"43",43,43,43,43,"I600","6/2/2011","B2536","I","M","2/19/2011",103,"sampled_as_juvenile",104.8460568,11400.30305,-0.85,"I278"
"44",44,44,44,44,"I602","6/2/2011","B2530","I","F","2/19/2011",103,"sampled_as_juvenile",161.9416027,642869.0649,-0.85,"I278"
"45",45,45,45,45,"I604","3/1/2017","B8996","I","F","3/4/2011",2189,"sampled_as_adult",43.4115316,149590.3793,1,"I474"
"46",46,46,46,46,"I605","11/29/2017","B9837","I","F","3/4/2011",2462,"sampled_as_adult",45.56852218,177130.2702,0.57,"I474"
"47",47,47,47,47,"I617","11/26/2013","B4604","I","F","7/8/2011",872,"sampled_as_adult",40.79609167,421794.4396,-0.05,"I363"
"48",48,48,48,48,"I618","11/11/2011","B2926","I","F","7/8/2011",126,"sampled_as_juvenile",175.2139808,414831.6501,-0.07,"I363"
"49",49,49,49,49,"I680","11/29/2017","B9758","I","F","6/21/2013",1622,"sampled_as_adult",20.95075406,144240.9382,0.78,"I484"
"50",50,50,50,50,"I687","11/8/2013","B4368","I","F","7/17/2013",114,"sampled_as_juvenile",254.9850265,1811083.431,-0.16,"I482"
"51",51,51,51,51,"I688","11/8/2013","B4372","I","M","7/17/2013",114,"sampled_as_juvenile",146.7364551,771926.8842,-0.16,"I482"
"52",52,52,52,52,"I691","11/6/2013","B4360","I","F","8/14/2013",84,"sampled_as_juvenile",NA,NA,-0.56,"I459"
"53",53,53,53,53,"I692","11/1/2013","B4420","I","F","8/20/2013",73,"sampled_as_juvenile",NA,NA,0.6,"I476"
"54",54,54,54,54,"I692","3/1/2017","B8988","I","F","8/20/2013",1289,"sampled_as_adult",27.49539692,129921.3773,0.79,"I476"
"55",55,55,55,55,"I694","3/22/2014","B4988","I","F","9/24/2013",179,"sampled_as_juvenile",101.3068489,828222.9409,-0.17,"I434"
"56",56,56,56,56,"I694","11/17/2017","B9730","I","F","9/24/2013",1515,"sampled_as_adult",78.19184516,35929.68892,-0.3,"I434"
"57",57,57,57,57,"I704","7/12/2014","B5080","I","M","2/5/2014",157,"sampled_as_juvenile",139.7008673,1068589.459,-0.23,"I497"
"58",58,58,58,58,"I705","1/30/2015","B6437","I","F","5/1/2014",274,"sampled_as_juvenile",84.86594427,351739.1197,0.38,"I545"
"59",59,59,59,59,"I707","7/12/2014","B5084","I","M","2/5/2014",157,"sampled_as_juvenile",75.55300548,277866.8749,-0.23,"I497"
"60",60,60,60,60,"I711","6/12/2014","B5035","I","F","2/9/2014",123,"sampled_as_juvenile",85.64816643,1176521.249,-0.8,"I491"
"61",61,61,61,61,"I712","6/10/2014","B5039","I","F","2/9/2014",121,"sampled_as_juvenile",NA,NA,-0.8,"I491"
"62",62,62,62,62,"I723","1/2/2015","B6279","I","F","4/12/2014",265,"sampled_as_juvenile",55.75223648,968972.8067,0.59,"I453"
"63",63,63,63,63,"I723","2/19/2017","B8929","I","F","4/12/2014",1044,"sampled_as_adult",38.12450926,95650.63204,0.61,"I453"
"64",64,64,64,64,"I759","11/13/2015","B7274","I","M","7/4/2015",132,"sampled_as_juvenile",NA,NA,0.83,"I619"
"65",65,65,65,65,"I814","7/13/2017","B9185","I","F","1/9/2017",185,"sampled_as_juvenile",281.940784,441519.0308,-0.22,"I434"
"66",66,66,66,66,"I815","7/5/2017","B9123","I","F","1/9/2017",177,"sampled_as_juvenile",215.561911,215771.6038,-0.22,"I434"
"67",67,67,67,67,"I823","5/22/2017","B9034","I","F","1/13/2017",129,"sampled_as_juvenile",142.1745853,593742.8774,0.61,"I574"
"68",68,68,68,68,"I823","7/9/2017","B9157","I","F","1/13/2017",177,"sampled_as_juvenile",193.5064905,463918.9436,0.67,"I574"
"69",69,69,69,69,"I824","3/28/2017","B9030","I","F","1/13/2017",74,"sampled_as_juvenile",117.6749794,610911.4058,0.58,"I574"
"70",70,70,70,70,"I824","7/9/2017","B9161","I","F","1/13/2017",177,"sampled_as_juvenile",97.36186395,415295.6786,0.67,"I574"
"71",71,71,71,71,"M148","1/31/2006","X5461","M","F","5/19/1990",5736,"sampled_as_adult",41.87386163,93579.64619,-0.93,"M025"
"72",72,72,72,72,"M297","9/1/2008","X7127","M","F","3/8/1997",4195,"sampled_as_adult",85.70892959,168444.3005,-0.78,"M147"
"73",73,73,73,73,"M326","1/30/2009","X7622","M","F","3/1/1998",3988,"sampled_as_adult",31.88388764,253331.9583,-0.56,"M029"
"74",74,74,74,74,"M326","11/2/2010","B1162","M","F","3/1/1998",4629,"sampled_as_adult",77.73640743,1150.453878,-0.29,"M029"
"75",75,75,75,75,"M410","2/27/2009","X7935","M","F","9/1/2000",3101,"sampled_as_adult",31.60365325,284951.2627,-0.78,"M135"
"76",76,76,76,76,"M421","6/11/2009","X8286","M","F","7/26/2001",2877,"sampled_as_adult",54.73775696,28312.2487,0.89,"M269"
"77",77,77,77,77,"M438","8/19/2008","X7063","M","F","1/30/2002",2393,"sampled_as_adult",30.53865904,49064.33895,0.17,"M095"
"78",78,78,78,78,"M477","11/14/2007","X6621","M","F","7/26/2003",1572,"sampled_as_adult",30.26269166,96000.35585,0.94,"M269"
"79",79,79,79,79,"M491","12/28/2005","X4350","M","M","1/4/2004",724,"sampled_as_juvenile",323.348751,244794.3422,-0.93,"M103"
"80",80,80,80,80,"M532","2/6/2006","X5506","M","F","8/31/2005",159,"sampled_as_juvenile",84.93863469,365227.6063,0.43,"M393"
"81",81,81,81,81,"M532","6/3/2015","B6728","M","F","8/31/2005",3563,"sampled_as_adult",93.01511782,159931.6528,0.55,"M393"
"82",82,82,82,82,"M550","9/15/2007","X6423","M","F","6/14/2006",458,"sampled_as_juvenile",79.12843267,40006.34771,-0.5,"M344"
"83",83,83,83,83,"M551","9/15/2007","X6425","M","M","6/14/2006",458,"sampled_as_juvenile",80.77649082,68080.94518,-0.5,"M344"
"84",84,84,84,84,"M565","9/9/2016","B8154","M","F","10/14/2006",3618,"sampled_as_adult",20.27038883,353226.11,-1,"M332"
"85",85,85,85,85,"M567","9/11/2007","X6415","M","M","3/15/2007",180,"sampled_as_juvenile",124.9496811,589694.0918,-0.72,"M297"
"86",86,86,86,86,"M567","11/26/2007","X6689","M","M","3/15/2007",256,"sampled_as_juvenile",83.16896083,48485.81053,-0.76,"M297"
"87",87,87,87,87,"M581","1/31/2008","X6824","M","F","8/29/2007",155,"sampled_as_juvenile",111.6863492,3575288.623,0.38,"M418"
"88",88,88,88,88,"M581","7/26/2010","B610","M","F","8/29/2007",1062,"sampled_as_adult",22.30948684,207538.3274,0.94,"M418"
"89",89,89,89,89,"M583","11/26/2007","X6685","M","M","9/4/2007",83,"sampled_as_juvenile",547.2846023,2647529.395,0.94,"M477"
"90",90,90,90,90,"M583","2/19/2008","X6889","M","M","9/4/2007",168,"sampled_as_juvenile",248.6879447,2533975.725,0.94,"M477"
"91",91,91,91,91,"M584","2/20/2008","X6894","M","M","9/6/2007",167,"sampled_as_juvenile",214.0469367,250197.2874,0.88,"M421"
"92",92,92,92,92,"M592","7/1/2008","X6988","M","M","12/10/2007",204,"sampled_as_juvenile",156.0750603,454835.899,0.61,"M436"
"93",93,93,93,93,"M593","7/1/2008","X6992","M","M","12/10/2007",204,"sampled_as_juvenile",266.965403,4698152.141,0.61,"M436"
"94",94,94,94,94,"M595","11/12/2008","X7456","M","F","6/2/2008",163,"sampled_as_juvenile",74.51198937,131914.9946,-0.5,"M517"
"95",95,95,95,95,"M597","10/3/2008","X7442","M","F","6/24/2008",101,"sampled_as_juvenile",91.46286744,1994206.168,-0.83,"M522"
"96",96,96,96,96,"M597","5/16/2009","X8089","M","F","6/24/2008",326,"sampled_as_juvenile",68.06972526,374874.7016,-0.78,"M522"
"97",97,97,97,97,"M600","1/8/2009","X7579","M","F","6/18/2008",204,"sampled_as_juvenile",111.7151999,388884.3418,0.11,"M438"
"98",98,98,98,98,"M604","11/14/2008","X7466","M","F","8/9/2008",97,"sampled_as_juvenile",NA,NA,-0.72,"M297"
"99",99,99,99,99,"M604","3/3/2009","X7999","M","F","8/9/2008",206,"sampled_as_juvenile",219.6341415,8519217.47,-0.67,"M297"
"100",100,100,100,100,"M604","11/16/2010","B1287","M","F","8/9/2008",829,"sampled_as_adult",95.3701648,286656.7594,-0.52,"M297"
"101",101,101,101,101,"M605","10/3/2008","X7448","M","F","8/9/2008",55,"sampled_as_juvenile",103.6240404,4356111.169,-0.77,"M297"
"102",102,102,102,102,"M605","1/8/2009","X7573","M","F","8/9/2008",152,"sampled_as_juvenile",154.3372008,3780555.375,-0.67,"M297"
"103",103,103,103,103,"M608","2/27/2009","X7933","M","F","8/28/2008",183,"sampled_as_juvenile",142.9020892,5141858.333,-0.28,"M447"
"104",104,104,104,104,"M615","2/4/2009","X7637","M","F","10/17/2008",110,"sampled_as_juvenile",361.2833173,2000986.556,-0.17,"M344"
"105",105,105,105,105,"M617","2/4/2009","X7642","M","M","10/17/2008",110,"sampled_as_juvenile",202.1170021,4051437.499,-0.17,"M344"
"106",106,106,106,106,"M633","11/25/2010","B1430","M","F","4/14/2009",590,"sampled_as_juvenile",48.34990331,56723.15271,1,"M418"
"107",107,107,107,107,"M633","12/9/2017","B9915","M","F","4/14/2009",3161,"sampled_as_adult",36.72817181,25479.20158,1,"M418"
"108",108,108,108,108,"M636","11/15/2009","X8774","M","M","5/30/2009",169,"sampled_as_juvenile",NA,NA,1,"M421"
"109",109,109,109,109,"M637","10/16/2009","X8661","M","M","5/30/2009",139,"sampled_as_juvenile",145.6385366,292113.1668,0.79,"M421"
"110",110,110,110,110,"M639","10/16/2009","X8667","M","M","6/5/2009",133,"sampled_as_juvenile",180.9412277,948808.4964,0.84,"M477"
"111",111,111,111,111,"M659","6/26/2010","B318","M","M","4/3/2010",84,"sampled_as_juvenile",245.2259854,3502623.486,0.11,"M273"
"112",112,112,112,112,"M660","6/28/2010","B340","M","F","4/3/2010",86,"sampled_as_juvenile",123.2366613,1818630.007,0.11,"M273"
"113",113,113,113,113,"M661","8/26/2010","B740","M","F","5/2/2010",116,"sampled_as_juvenile",246.3776396,117518.1951,0.54,"M393"
"114",114,114,114,114,"M662","9/1/2010","B783","M","M","5/2/2010",122,"sampled_as_juvenile",90.847412,7283.076604,0.54,"M393"
"115",115,115,115,115,"M668","10/20/2010","B1065","M","F","6/14/2010",128,"sampled_as_juvenile",264.0470389,818052.1882,0.35,"M508"
"116",116,116,116,116,"M669","10/1/2010","B923","M","M","6/14/2010",109,"sampled_as_juvenile",279.0051783,106612.9644,0.35,"M508"
"117",117,117,117,117,"M701","7/4/2011","B2714","M","F","1/10/2011",175,"sampled_as_juvenile",134.5409164,75007.34856,0.07,"M344"
"118",118,118,118,118,"M701","9/19/2011","B2867","M","F","1/10/2011",252,"sampled_as_juvenile",50.43767577,317535.1738,0.13,"M344"
"119",119,119,119,119,"M701","11/24/2014","B6149","M","F","1/10/2011",1414,"sampled_as_adult",72.78007873,83759.39099,-0.09,"M344"
"120",120,120,120,120,"M702","7/4/2011","B2703","M","F","1/10/2011",175,"sampled_as_juvenile",113.8389463,51877.60908,0.07,"M344"
"121",121,121,121,121,"M706","10/28/2011","B2905","M","F","2/18/2011",252,"sampled_as_juvenile",70.65850447,85695.2299,0.79,"M503"
"122",122,122,122,122,"M706","10/29/2015","B7187","M","F","2/18/2011",1714,"sampled_as_adult",66.87620569,100485.6642,0.71,"M503"
"123",123,123,123,123,"M740","11/30/2012","B3543","M","M","6/28/2012",155,"sampled_as_juvenile",206.626625,873580.1201,0.23,"M396"
"124",124,124,124,124,"M744","12/1/2017","B9861","M","F","6/20/2012",1990,"sampled_as_adult",23.57881561,125092.1618,-0.45,"M604"
"125",125,125,125,125,"M746","11/30/2012","B3538","M","F","6/28/2012",155,"sampled_as_juvenile",104.3713063,502315.8725,0.23,"M396"
"126",126,126,126,126,"M769","10/24/2013","B4345","M","M","5/14/2013",163,"sampled_as_juvenile",NA,NA,-0.24,"M550"
"127",127,127,127,127,"M784","6/10/2014","B5027","M","F","9/25/2013",258,"sampled_as_juvenile",172.7632243,898389.3263,0.71,"M706"
"128",128,128,128,128,"M784","9/9/2016","B8149","M","F","9/25/2013",1080,"sampled_as_adult",27.13256894,256237.6738,0.59,"M706"
"129",129,129,129,129,"M787","11/29/2014","B6255","M","F","10/27/2013",398,"sampled_as_juvenile",135.0033311,644483.6432,0.49,"M532"
"130",130,130,130,130,"M787","11/2/2015","B7214","M","F","10/27/2013",736,"sampled_as_adult",67.70082937,23515.37512,0.35,"M532"
"131",131,131,131,131,"M791","11/28/2017","B9823","M","F","11/17/2013",1472,"sampled_as_adult",45.80945268,120845.561,0.86,"M633"
"132",132,132,132,132,"M813","2/16/2015","B6506","M","F","9/29/2014",140,"sampled_as_juvenile",126.7458534,4047315.948,-0.69,"M545"
"133",133,133,133,133,"M819","2/16/2015","B6501","M","F","9/29/2014",140,"sampled_as_juvenile",102.9994251,611703.3037,-0.69,"M545"
"134",134,134,134,134,"M887","7/15/2017","B9221","M","M","4/3/2017",103,"sampled_as_juvenile",76.7780743,96143.40693,0.33,"M600"
"135",135,135,135,135,"M887","12/27/2017","B9996","M","M","4/3/2017",268,"sampled_as_juvenile",48.61185632,76247.56745,0.33,"M600"
"136",136,136,136,136,"M903","3/1/2018","C129","M","M","8/21/2017",192,"sampled_as_juvenile",42.79185535,41237.41621,-0.68,"M545"
"137",137,137,137,137,"P316","10/13/2010","B1008","P","F","7/27/1999",4096,"sampled_as_adult",425.5989917,960.4016888,-1,"P166"
"138",138,138,138,138,"P423","11/14/2009","X8770","P","F","1/10/2004",2135,"sampled_as_adult",84.55215733,59615.85192,0.5,"P169"
"139",139,139,139,139,"P427","6/21/2004","X3300","P","M","2/28/2004",114,"sampled_as_juvenile",NA,NA,0.11,"P159"
"140",140,140,140,140,"P436","6/29/2004","X3322","P","M","4/15/2004",75,"sampled_as_juvenile",NA,NA,-1,"P316"
"141",141,141,141,141,"P438","11/26/2017","B9813","P","F","6/3/2004",4924,"sampled_as_adult",17.42396487,46907.6239,-0.21,"P198"
"142",142,142,142,142,"P450","1/5/2018","C52","P","F","4/19/2005",4644,"sampled_as_adult",46.28163556,108226.4024,0.89,"P197"
"143",143,143,143,143,"P474","9/12/2016","B8175","P","F","1/6/2006",3902,"sampled_as_adult",32.62074394,95634.53526,0.35,"P164"
"144",144,144,144,144,"P474","1/16/2017","B8825","P","F","1/6/2006",4028,"sampled_as_adult",66.15487779,68013.76914,0.33,"P164"
"145",145,145,145,145,"P489","9/21/2007","X6464","P","F","6/16/2006",462,"sampled_as_juvenile",NA,NA,0.93,"P418"
"146",146,146,146,146,"P489","7/14/2009","X8435","P","F","6/16/2006",1124,"sampled_as_adult",NA,NA,0.81,"P418"
"147",147,147,147,147,"P516","10/25/2007","X6587","P","F","7/30/2007",87,"sampled_as_juvenile",NA,NA,-0.45,"P429"
"148",148,148,148,148,"P518","11/29/2007","X6757","P","F","8/3/2007",118,"sampled_as_juvenile",191.7797711,3745785.877,1,"P197"
"149",149,149,149,149,"P518","1/5/2018","C47","P","F","8/3/2007",3808,"sampled_as_adult",93.93299497,72513.60757,1,"P197"
"150",150,150,150,150,"P529","2/18/2008","X6867","P","F","10/18/2007",123,"sampled_as_juvenile",133.9275807,5199582.942,-0.24,"P198"
"151",151,151,151,151,"P529","9/1/2015","B6994","P","F","10/18/2007",2875,"sampled_as_adult",53.52774468,164208.6278,0.28,"P198"
"152",152,152,152,152,"P557","10/21/2009","X8699","P","F","6/20/2009",123,"sampled_as_juvenile",112.021273,236924.8797,0.6,"P169"
"153",153,153,153,153,"P559","10/20/2009","X8691","P","F","6/25/2009",117,"sampled_as_juvenile",70.81654718,352924.5341,-1,"P316"
"154",154,154,154,154,"P559","11/7/2009","X8749","P","F","6/25/2009",135,"sampled_as_juvenile",42.19642653,38986.63083,-1,"P316"
"155",155,155,155,155,"P559","11/14/2009","X8766","P","F","6/25/2009",142,"sampled_as_juvenile",222.6253513,201916.0027,-1,"P316"
"156",156,156,156,156,"P561","10/20/2009","X8687","P","F","6/25/2009",117,"sampled_as_juvenile",64.99594191,279424.136,-1,"P316"
"157",157,157,157,157,"P563","9/30/2009","X8572","P","M","7/9/2009",83,"sampled_as_juvenile",94.11230005,455215.4673,-0.45,"P223"
"158",158,158,158,158,"P564","9/23/2009","X8549","P","F","7/9/2009",76,"sampled_as_juvenile",115.2368164,1145731.457,-0.45,"P223"
"159",159,159,159,159,"P566","11/10/2009","X8760","P","F","7/7/2009",126,"sampled_as_juvenile",95.29019887,1233859.586,-0.06,"P474"
"160",160,160,160,160,"P587","7/5/2010","B425","P","F","3/21/2010",106,"sampled_as_juvenile",402.6287896,269486.0269,-0.12,"P381"
"161",161,161,161,161,"P589","3/28/2011","B2287","P","F","3/27/2010",366,"sampled_as_juvenile",34.89976918,8145.014654,0.69,"P497"
"162",162,162,162,162,"P589","11/14/2014","B6359","P","F","3/27/2010",1693,"sampled_as_adult",35.80083822,313604.2942,0.47,"P497"
"163",163,163,163,163,"P590","3/28/2011","B2293","P","M","3/27/2010",366,"sampled_as_juvenile",30.17800609,10448.17488,0.69,"P497"
"164",164,164,164,164,"P591","7/5/2010","B433","P","M","3/21/2010",106,"sampled_as_juvenile",303.0396282,9905643.86,-0.12,"P381"
"165",165,165,165,165,"P607","2/22/2011","B1892","P","F","8/30/2010",176,"sampled_as_juvenile",94.43104835,16758.43608,0.94,"P518"
"166",166,166,166,166,"P608","2/22/2011","B1885","P","M","8/30/2010",176,"sampled_as_juvenile",160.925459,31698.75906,0.94,"P518"
"167",167,167,167,167,"P616","7/4/2012","B3242","P","F","9/20/2010",653,"sampled_as_juvenile",73.66295,27725.52531,-0.16,"P505"
"168",168,168,168,168,"P617","3/17/2011","B2250","P","M","12/15/2010",92,"sampled_as_juvenile",123.3163803,38223.24015,-0.03,"P473"
"169",169,169,169,169,"P618","3/16/2011","B2198","P","M","12/15/2010",91,"sampled_as_juvenile",110.2925378,389411.3812,-0.03,"P473"
"170",170,170,170,170,"P632","11/17/2011","B2980","P","F","2/18/2011",272,"sampled_as_juvenile",NA,NA,0.47,"P273"
"171",171,171,171,171,"P632","2/12/2015","B6492","P","F","2/18/2011",1455,"sampled_as_adult",NA,NA,0.47,"P273"
"172",172,172,172,172,"P642","9/3/2016","B8097","P","F","7/2/2011",1890,"sampled_as_adult",27.41933568,53623.44949,0.86,"P489"
"173",173,173,173,173,"P644","1/3/2017","B8751","P","F","9/10/2011",1942,"sampled_as_adult",141.5854042,1930950.257,-0.18,"P438"
"174",174,174,174,174,"P657","9/3/2012","B3321","P","F","10/29/2011",310,"sampled_as_juvenile",70.41139393,341347.8207,0.12,"P474"
"175",175,175,175,175,"P667","8/17/2016","B7947","P","F","5/5/2012",1565,"sampled_as_adult",122.8266656,8836.833249,-0.64,"P332"
"176",176,176,176,176,"P673","9/13/2012","B3354","P","F","5/5/2012",131,"sampled_as_juvenile",90.02422109,1362795.142,-1,"P316"
"177",177,177,177,177,"P674","9/13/2012","B3358","P","F","5/5/2012",131,"sampled_as_juvenile",206.5955963,1782652.836,-1,"P316"
"178",178,178,178,178,"P701","6/25/2013","B4285","P","F","2/16/2013",129,"sampled_as_juvenile",100.4813678,493780.5915,-0.89,"P463"
"179",179,179,179,179,"P703","6/25/2013","B4290","P","F","2/16/2013",129,"sampled_as_juvenile",105.150746,1025047.738,-0.89,"P463"
"180",180,180,180,180,"P715","3/17/2014","B4940","P","F","9/10/2013",188,"sampled_as_juvenile",125.5897521,495544.4833,0.64,"P507"
"181",181,181,181,181,"P715","6/29/2016","B7715","P","F","9/10/2013",1023,"sampled_as_adult",50.0190662,47360.25658,0.55,"P507"
"182",182,182,182,182,"P750","1/5/2015","B6288","P","F","5/28/2014",222,"sampled_as_juvenile",96.61835443,479438.3076,-0.89,"P281"
"183",183,183,183,183,"P750","1/2/2017","B8742","P","F","5/28/2014",950,"sampled_as_adult",41.2891058,96143.40693,-0.38,"P281"
"184",184,184,184,184,"P755","2/10/2015","B6477","P","F","11/5/2014",97,"sampled_as_juvenile",NA,NA,-0.32,"P529"
"185",185,185,185,185,"P772","9/14/2017","B9444","P","F","6/30/2015",807,"sampled_as_adult",68.66004715,52194.14636,0.63,"P526"
"186",186,186,186,186,"P774","10/19/2015","B7103","P","M","7/6/2015",105,"sampled_as_juvenile",89.02375087,1208532.368,-0.76,"P535"
"187",187,187,187,187,"P775","10/22/2015","B7118","P","F","7/6/2015",108,"sampled_as_juvenile",76.69529207,538111.4901,-0.76,"P535"
"188",188,188,188,188,"P791","8/4/2016","B7901","P","F","1/21/2016",196,"sampled_as_juvenile",133.8891216,2512637.04,-0.09,"P529"
"189",189,189,189,189,"P795","9/12/2016","B8180","P","F","4/9/2016",156,"sampled_as_juvenile",88.12304374,690716.618,0.305,"P566"
"190",190,190,190,190,"P795","11/9/2016","B8423","P","F","4/9/2016",214,"sampled_as_juvenile",89.19484046,186765.1174,0.295,"P566"
"191",191,191,191,191,"P796","11/9/2016","B8427","P","M","4/9/2016",214,"sampled_as_juvenile",111.1540838,160256.7659,0.32,"P566"
"192",192,192,192,192,"P796","1/16/2017","B8833","P","M","4/9/2016",282,"sampled_as_juvenile",87.59252133,185280.1611,0.33,"P566"
"193",193,193,193,193,"P801","10/15/2016","B8390","P","M","5/29/2016",139,"sampled_as_juvenile",150.4194157,323186.2461,0.1,"P381"
"194",194,194,194,194,"P805","11/15/2016","B8452","P","F","5/29/2016",170,"sampled_as_juvenile",79.24311865,356389.1194,0.15,"P381"
"195",195,195,195,195,"P809","11/15/2016","B8459","P","M","6/19/2016",149,"sampled_as_juvenile",114.0192892,309251.9267,0.75,"P589"
"196",196,196,196,196,"P810","1/31/2017","B8861","P","M","6/11/2016",234,"sampled_as_juvenile",64.98758268,323186.2461,-0.74,"P535"
"197",197,197,197,197,"P812","9/20/2016","B8276","P","F","6/11/2016",101,"sampled_as_juvenile",105.2859197,567257.0355,-0.76,"P535"
"198",198,198,198,198,"P814","10/14/2016","B8366","P","F","7/22/2016",84,"sampled_as_juvenile",304.0124773,7259642.14,1,"P518"
"199",199,199,199,199,"P815","10/10/2016","B8332","P","M","7/22/2016",80,"sampled_as_juvenile",471.3832369,5701785.013,1,"P518"
"200",200,200,200,200,"P816","10/9/2016","B8320","P","F","8/18/2016",52,"sampled_as_juvenile",344.8755762,6499436.461,0.19,"P473"
"201",201,201,201,201,"P819","1/20/2017","B8846","P","F","8/10/2016",163,"sampled_as_juvenile",88.5436493,87588.24559,-0.69,"P614"
"202",202,202,202,202,"P819","3/15/2017","B9023","P","F","8/10/2016",217,"sampled_as_juvenile",99.86351572,897631.6751,-0.68,"P614"
"203",203,203,203,203,"P820","12/19/2016","B8718","P","F","8/10/2016",131,"sampled_as_juvenile",34.62475339,90380.01936,-0.69,"P614"
"204",204,204,204,204,"P820","2/23/2017","B8964","P","F","8/10/2016",197,"sampled_as_juvenile",101.1777477,187204.5199,-0.68,"P614"
"205",205,205,205,205,"P823","11/28/2016","B8589","P","F","9/2/2016",87,"sampled_as_juvenile",NA,NA,0.69,"P526"
"206",206,206,206,206,"P823","1/3/2017","B8748","P","F","9/2/2016",123,"sampled_as_juvenile",78.18194805,296934.2878,0.69,"P526"
"207",207,207,207,207,"P824","11/29/2016","B8601","P","F","9/2/2016",88,"sampled_as_juvenile",NA,NA,0.69,"P526"
"208",208,208,208,208,"P827","1/2/2017","B8738","P","F","9/5/2016",119,"sampled_as_juvenile",121.389157,4544810.269,-0.18,"P616"
"209",209,209,209,209,"P854","9/21/2017","B9474","P","M","5/29/2017",115,"sampled_as_juvenile",72.67902454,59432.53424,-0.21,"P438"
"210",210,210,210,210,"P857","9/21/2017","B9482","P","F","5/29/2017",115,"sampled_as_juvenile",NA,NA,-0.21,"P438"
